id,country,lat,lng,category,year,title_de,title_en,text_de,text_en,address,image_url,link
hu-shoes,HU,47.5049,19.0450,denkmal,2005,Schuhe am Donauufer,Shoes on the Danube Bank,"Das Denkmal erinnert an die Menschen, die 1944–45 von Pfeilkreuzler-Milizen am Donauufer erschossen wurden.","The memorial commemorates the people shot on the Danube bank by Arrow Cross militiamen in 1944–45.","Id. Antall József rkp., 1054 Budapest",,
hu-terror,HU,47.5068,19.0654,museum,2002,Haus des Terrors,House of Terror,"Museum über die faschistische und die kommunistische Diktatur in Ungarn im ehemaligen Sitz der Geheimpolizei.","Museum on the fascist and communist dictatorships in Hungary, housed in the former secret police headquarters.","Andrássy út 60, 1062 Budapest",,https://www.terrorhaza.hu
hu-dohany,HU,47.4957,19.0608,denkmal,,Holocaust-Mahnmal an der Dohány-Synagoge,Holocaust Memorial at the Dohány Street Synagogue,"Der „Baum des Lebens“ von Imre Varga im Hof der Großen Synagoge erinnert an die ungarischen Opfer des Holocaust.","Imre Varga's “Tree of Life” in the courtyard of the Great Synagogue commemorates the Hungarian victims of the Holocaust.","Dohány utca 2, 1074 Budapest",,
hu-hdke,HU,47.4839,19.0741,museum,2004,Holocaust-Gedenkzentrum,Holocaust Memorial Center,"Gedenk- und Dokumentationszentrum in einer ehemaligen Synagoge in der Páva utca.","Memorial and documentation centre in a former synagogue on Páva Street.","Páva utca 39, 1094 Budapest",,https://www.hdke.hu
hu-memento,HU,47.4262,18.9990,gedenkstaette,1993,Memento Park,Memento Park,"Freilichtmuseum mit Statuen aus der kommunistischen Zeit, die nach 1989 aus dem Stadtbild entfernt wurden.","Open-air museum of communist-era statues removed from Budapest's streets after 1989.","Balatoni út 16, 1223 Budapest",,https://www.mementopark.hu
sk-rybne,SK,48.1419,17.1049,denkmal,,Holocaust-Mahnmal Rybné námestie,Holocaust Memorial Rybné námestie,"Das Mahnmal steht am Ort der früheren Neologen Synagoge, die in den 1960er Jahren abgerissen wurde.","The memorial stands on the site of the former Neolog synagogue, demolished in the 1960s.","Rybné námestie, 811 01 Bratislava",,
sk-chatam,SK,48.1422,17.0960,gedenkstaette,2002,Chatam-Sofer-Gedenkstätte,Chatam Sofer Memorial,"Unterirdisch erhaltener Teil des alten jüdischen Friedhofs mit dem Grab des Rabbiners Chatam Sofer.","Preserved underground section of the old Jewish cemetery with the grave of Rabbi Chatam Sofer.","Nábrežie armádneho generála Ludvíka Svobodu, 811 02 Bratislava",,
sk-slavin,SK,48.1535,17.0996,gedenkstaette,1960,Slavín,Slavín War Memorial,"Denkmal und Soldatenfriedhof für die bei der Befreiung Bratislavas 1945 gefallenen Soldaten der Roten Armee.","Memorial and military cemetery for Red Army soldiers killed in the 1945 liberation of Bratislava.","Na Slavíne, 811 02 Bratislava",,
sk-gate,SK,48.1740,16.9790,denkmal,2005,Tor der Freiheit,Gate of Freedom,"Gedenkstätte bei Devín für die Menschen, die beim Versuch, den Eisernen Vorhang zu überwinden, ums Leben kamen.","Memorial near Devín to the people who died trying to cross the Iron Curtain.","Devín, 841 10 Bratislava",,
sk-snp,SK,48.7365,19.1500,museum,1969,Museum des Slowakischen Nationalaufstands,Museum of the Slovak National Uprising,"Gedenkstätte und Museum zum Slowakischen Nationalaufstand von 1944 in Banská Bystrica.","Memorial and museum of the 1944 Slovak National Uprising in Banská Bystrica.","Kapitulská 23, 974 00 Banská Bystrica",,https://www.muzeumsnp.sk
